<project  name="ExternalTaskDemo1"  default="git" basedir=".">
<property name="project1git" value="https://github.com/sarithasiri/AirtelBaseCode.git" />
	<target name="git" >
			<echo> [Task1] cloning repository from git  </echo>
			<exec executable="git">
				<arg line="clone ${project1git}"/>
			</exec >
			<jar destfile="./app.jar">
					<fileset dir="AirtelBaseCode"	excludes="**/Test.class"/>
			</jar>
			<!-- scp file="./app.jar" todir="dwaraka1@100.24.61.59:/home/dwaraka1" keyfile="key.pem" trust="yes" / -->
			<scp file="./app.jar" todir="dwaraka1@100.24.61.59:/var/tmp/" keyfile="key1" trust="yes"/>
	 	</target>
</project>

